,product_name,brands,brands_tags,product_name_norm,brands_norm,match_category,brands_matched
1017265,"Real Dried Aloe Vera + Ginger Snacks, Ginger",ALO,xx:alo,"real dried aloe vera + ginger snacks, ginger",alo,2,alo
3007397,"Wawa, Chicken Steak Burrito Bowl",Wawa,wawa,"wawa, chicken steak burrito bowl",wawa,1,wawa
29773,"Long Grove Confectionery Co., St. Pat's Mini Pretzels",Long Grove Confectionery Co.,long-grove-confectionery-co,"long grove confectionery co., st. pat's mini pretzels",long grove confectionery co.,2,long grove confectionery co.
1255714,"PF Chang's, Tempura Calamari & Vegetables",PF Chang's,pf-chang-s,"pf chang's, tempura calamari & vegetables",pf chang's,1,pf chang's
3151484,Terra Delyssa Ekstra jomfruolivenolie øko,Terra Delyssa,xx:terra-delyssa,terra delyssa ekstra jomfruolivenolie øko,terra delyssa,1,terra delyssa
1941025,Vin,Vin,xx:vin,vin,vin,1,vin
136511,"Giant eagle, thin swiss cheese, a natural firm cheese with a mellow flavor","Giant Eagle,  Giant Eagle  Inc.","giant-eagle,giant-eagle-inc","giant eagle, thin swiss cheese, a natural firm cheese with a mellow flavor","giant eagle, giant eagle inc.",1,giant eagle
3629434,Loacker Gardena Hazelnut,Loacker,xx:loacker,loacker gardena hazelnut,loacker,1,loacker
4175553,Jaffa napolitanke,Jaffa,xx:jaffa,jaffa napolitanke,jaffa,1,jaffa
1329027,LIDL - Mușchiuleț Pane (Piept De Pui Cu Susan),LIDL,xx:lidl,lidl - muschiulet pane (piept de pui cu susan),lidl,1,lidl
426209,Hello Kitty Strawberry Chewy Candy,Hello Kitty,xx:hello-kitty,hello kitty strawberry chewy candy,hello kitty,1,hello kitty
3038202,Hamlet Pralines &quot;Selection&quot; 16X125G,Hamlet,xx:hamlet,"hamlet pralines ""selection"" 16x125g",hamlet,1,hamlet
3909516,Heinz Black Garlic,Heinz,xx:heinz,heinz black garlic,heinz,1,heinz
449916,Bake at Home White Baguettes,BAKE AT HOME,xx:bake-at-home,bake at home white baguettes,bake at home,1,bake at home
2369071,Mamba Fantastic Mix,Mamba,xx:mamba,mamba fantastic mix,mamba,1,mamba
3073684,Thrive Peak,thrive,xx:thrive,thrive peak,thrive,1,thrive
347962,Liberté GREEK,Liberté,xx:liberte,liberte greek,liberte,1,liberte
2907641,Asda Beef Bourguignon,Asda,xx:asda,asda beef bourguignon,asda,1,asda
1144726,"The backyard food company, rhode island red relish-hot",The Backyard Food Company,the-backyard-food-company,"the backyard food company, rhode island red relish-hot",the backyard food company,1,the backyard food company
2999446,Rio Mare Tuna al Naturale,Rio Mare,xx:rio-mare,rio mare tuna al naturale,rio mare,1,rio mare
3133042,Stjernehaps Mini Salami,Stjernehaps,xx:stjernehaps,stjernehaps mini salami,stjernehaps,1,stjernehaps
969219,Erivan acidophilus yogurt,Erivan,erivan,erivan acidophilus yogurt,erivan,1,erivan
4064648,Royal Crown rallados para cocinar,royal crown,xx:royal-crown,royal crown rallados para cocinar,royal crown,1,royal crown
899905,Alien Greens,Alien,xx:alien,alien greens,alien,1,alien
1213835,"IHOP, Sierra Mist, 16 Fl Oz",IHOP,ihop,"ihop, sierra mist, 16 fl oz",ihop,1,ihop
1817469,Saint-Moret,Saint-Moret,xx:saint-moret,saint-moret,saint-moret,1,saint-moret
3494873,Migros Bio Knuspermüesli Amaranth Mit Chia Und Apfel,Migros bio,xx:migros-bio,migros bio knuspermuesli amaranth mit chia und apfel,migros bio,1,migros bio
1196285,"Marco's Pizza, Black Olives, For X Large Pizza Slice",Marco's Pizza,marco-s-pizza,"marco's pizza, black olives, for x large pizza slice",marco's pizza,1,marco's pizza
3991225,Palacios pizza chorizo,Palacios,xx:palacios,palacios pizza chorizo,palacios,1,palacios
1686882,Vin rouge,vin  Rouge,xx:vin-rouge,vin rouge,vin rouge,1,vin rouge
2388832,Herzberger Bio Dinkelvollkorn Toastbrot 4024884045304,Herzberger,xx:herzberger,herzberger bio dinkelvollkorn toastbrot 4024884045304,herzberger,1,herzberger
3494526,Banago 600G Beutel,Banago,xx:banago,banago 600g beutel,banago,1,banago
4366366,Too Yumm! K-Bomb Ramen,Too Yumm!,xx:too-yumm,too yumm! k-bomb ramen,too yumm!,2,too yumm!
3091641,Yummy Protein Bar Chocolate Brownie,Yummy,xx:yummy,yummy protein bar chocolate brownie,yummy,1,yummy
4354034,WeiKFiELD,Weikfield,xx:weikfield,weikfield,weikfield,1,weikfield
1238499,"Joe's Crab Shack, Joes Classic Steampot For 2",Joe's Crab Shack,joe-s-crab-shack,"joe's crab shack, joes classic steampot for 2",joe's crab shack,1,joe's crab shack
90900,HUICONG,HUICONG,huicong,huicong,huicong,1,huicong
3157370,"Five Guys, Coffee",Five Guys,five-guys,"five guys, coffee",five guys,1,five guys
2273345,BOLERO Forest Fruit,Bolero,xx:bolero,bolero forest fruit,bolero,1,bolero
1000256,Topo Chico Hard Seltzer,Topo Chico,xx:topo-chico,topo chico hard seltzer,topo chico,1,topo chico
2814788,McVitie's Digestives Double Chocolate,McVitie's,xx:mcvitie-s,mcvitie's digestives double chocolate,mcvitie's,1,mcvitie's
3507319,Frey Jelly Eggs,Frey,xx:frey,frey jelly eggs,frey,1,frey
228147,Funables Paw Patrol Fruit Flavored Snacks,"Funables,Ferrara Candy Company,Nickelodeon,Paw Patrol","xx:ferrara-candy-company,xx:funables,xx:nickelodeon,xx:paw-patrol",funables paw patrol fruit flavored snacks,"funables,ferrara candy company,nickelodeon,paw patrol",1,funables
4371461,Wellbeing Nutrition Ultra Strength Magnesium+,"Wellbeing Nutrition,Slow","xx:slow,xx:wellbeing-nutrition",wellbeing nutrition ultra strength magnesium+,"wellbeing nutrition,slow",1,wellbeing nutrition
524012,Outside,Outside,outside,outside,outside,1,outside
3489580,Hirz saison,Hirz,xx:hirz,hirz saison,hirz,1,hirz
1694205,Epices special guacamole SAINTE LUCIE,Sainte Lucie,xx:sainte-lucie,epices special guacamole sainte lucie,sainte lucie,1,sainte lucie
4176897,"Sheetz, Dr Pepper Float",Sheetz,sheetz,"sheetz, dr pepper float",sheetz,1,sheetz
369539,"H.K Anderson, Peanut Butter Filled Pretzel Nuggets, Original, Original",H.k anderson,xx:h-k-anderson,"h.k anderson, peanut butter filled pretzel nuggets, original, original",h.k anderson,1,h.k anderson
3418060,Lohilo,Lohilo,xx:lohilo,lohilo,lohilo,1,lohilo
730645,Hershey Pie,Hershey's,hershey-s,hershey pie,hershey's,2,hershey's
3229588,"Wawa, Strawberry Chocolate Chip Creme Smoothie, 12 Oz",Wawa,wawa,"wawa, strawberry chocolate chip creme smoothie, 12 oz",wawa,1,wawa
1053081,Vega sport protein bar,Vega,vega,vega sport protein bar,vega,1,vega
921155,Raspberry Dark Lindt Excellence,Lindt,xx:lindt,raspberry dark lindt excellence,lindt,1,lindt
3435659,Reeses Nut Bar,Reese's,xx:reese-s,reeses nut bar,reese's,2,reese's
1640340,Belvita - Petit Déjeuner - Chocolat & 5 Céréales Complètes,"Belvita, Kraft Foods, Lu","xx:belvita,xx:kraft-foods,xx:lu",belvita - petit dejeuner - chocolat & 5 cereales completes,"belvita, kraft foods, lu",1,belvita
1865499,Paniers de Yoplait Aux Bons Fruits 0% mg,"Panier de Yoplait, Yoplait","xx:panier-de-yoplait,xx:yoplait",paniers de yoplait aux bons fruits 0% mg,"panier de yoplait, yoplait",1,yoplait
1239906,"Arby's, Sausage, Egg & Cheese Croissant",Arby's,arby-s,"arby's, sausage, egg & cheese croissant",arby's,1,arby's
4229900,Carte D'or - Somlói Galuska,Carte D'or,xx:carte-d-or,carte d'or - somloi galuska,carte d'or,1,carte d'or
3048731,activia framboos,Activia,xx:activia,activia framboos,activia,1,activia
2136305,Mamie Bio,Mamie Bio,xx:mamie-bio,mamie bio,mamie bio,1,mamie bio
1067938,"Wild oats, marketplace, organic strawberries, blackberries, blueberries","Wild Oats,  Wild Oats Marketing  Llc","wild-oats,wild-oats-marketing-llc","wild oats, marketplace, organic strawberries, blackberries, blueberries","wild oats, wild oats marketing llc",1,wild oats
2277099,мастер цветко пуешко филе слайс формоман деликатес 100 г вакуум,майстор цветко,xx:майстор-цветко,мастер цветко пуешко филе слаис формоман деликатес 100 г вакуум,маистор цветко,2,маистор цветко
1224459,"Dominos, Mediterranean Veggie Sandwich",Dominos,dominos,"dominos, mediterranean veggie sandwich",dominos,1,dominos
1857590,"Terrine de saumon a la creme fraiche KRITSEN, 2 tranches",Kritsen,xx:kritsen,"terrine de saumon a la creme fraiche kritsen, 2 tranches",kritsen,1,kritsen
2746994,Nova country cheddar flavor,nova,xx:nova,nova country cheddar flavor,nova,1,nova
3612589,ITalac,Italac,xx:italac,italac,italac,1,italac
1590877,q,q,q,q,q,1,q
2362520,Sari Mercimek 1KG Marmara,Marmara,xx:marmara,sari mercimek 1kg marmara,marmara,1,marmara
3023938,Delhaize Wrap César,Delhaize,xx:delhaize,delhaize wrap cesar,delhaize,1,delhaize
894109,"Whole foods market, dry roasted unsalted pumpkin seed","Whole Foods Market,  Harry's Farmers Market  Ltd.","whole-foods-market,harry-s-farmers-market-ltd","whole foods market, dry roasted unsalted pumpkin seed","whole foods market, harry's farmers market ltd.",1,whole foods market
3592484,"Pack Fórmula Infantil Ninho Fases 1 Lata 1,6kg 2 Unidades Grátis 20 De Desconto Na Segunda Lata",NINHO,xx:ninho,"pack formula infantil ninho fases 1 lata 1,6kg 2 unidades gratis 20 de desconto na segunda lata",ninho,1,ninho
1309333,Asda Long Life whole Milk,Asda,xx:asda,asda long life whole milk,asda,1,asda
3281426,Dura Red Thyme 400 GR,Durra,xx:durra,dura red thyme 400 gr,durra,2,durra
1998687,Picot Mes 1ères Céréales Multicéréales,Picot,xx:picot,picot mes 1eres cereales multicereales,picot,1,picot
3670701,esselunga latte bio parzialmente scremato,esselunga,xx:esselunga,esselunga latte bio parzialmente scremato,esselunga,1,esselunga
3597264,WAFER CHOCOLATE 140G BAUDUCCO,Bauducco,xx:bauducco,wafer chocolate 140g bauducco,bauducco,1,bauducco
2499771,Bulk Pure Whey Isolate,Bulk,xx:bulk,bulk pure whey isolate,bulk,1,bulk
1894130,Sauce Au Gingembre Coq,COQ,xx:coq,sauce au gingembre coq,coq,1,coq
1624788,M&S Turkey feast Dip,M&S,xx:marks-spencers,m&s turkey feast dip,m&s,1,m&s
3136475,Paté tulip,Tulip,xx:tulip,pate tulip,tulip,1,tulip
3960698,Takis SABOR QUESO TNT,TAKIS,xx:takis,takis sabor queso tnt,takis,1,takis
1649781,Gervita nature 100 g x 8,"Danone, Gervita, Gervita nature","xx:danone,xx:gervita,xx:gervita-nature",gervita nature 100 g x 8,"danone, gervita, gervita nature",1,gervita nature
358508,Bubly cherry,Bubly,xx:bubly,bubly cherry,bubly,1,bubly
1205660,Shire Oaks Corned Beef,Shire Oaks,xx:shire-oaks,shire oaks corned beef,shire oaks,1,shire oaks
2791999,"Wawa, Rainbow Cookie",Wawa,wawa,"wawa, rainbow cookie",wawa,1,wawa
1010368,"Certified harvest, swai fillets",Certified Harvest,certified-harvest,"certified harvest, swai fillets",certified harvest,1,certified harvest
2707143,Ascania Drink,Ascania,xx:ascania,ascania drink,ascania,1,ascania
283855,"Parade, mild cheddar cheese",Parade,parade,"parade, mild cheddar cheese",parade,1,parade
1262632,Auvitis Count Sparkling Red Grape Juice,Auvitis Count,auvitis-count,auvitis count sparkling red grape juice,auvitis count,1,auvitis count
3166724,Magnetic Spice Cookies,magnetic,xx:magnetic,magnetic spice cookies,magnetic,1,magnetic
3449353,azucaradas Great Value,Great Value,xx:great-value,azucaradas great value,great value,1,great value
713472,Emmental sapin vert,Sapin Vert,xx:sapin-vert,emmental sapin vert,sapin vert,1,sapin vert
3184283,4F WPC,4F,xx:4f,4f wpc,4f,1,4f
3440407,Santa Clara yogurt sabor Fresa,Santa Clara,xx:santa-clara,santa clara yogurt sabor fresa,santa clara,1,santa clara
3481009,Nestlé - Lait concentré sucré,Nestlé,xx:nestle,nestle - lait concentre sucre,nestle,1,nestle
3560767,Piccoli Durazno,Piccoli,xx:piccoli,piccoli durazno,piccoli,1,piccoli
2330311,"ültje Cashews, geröstet & gesalzen","Intersnack, Ültje","xx:intersnack,xx:ultje","ultje cashews, gerostet & gesalzen","intersnack, ultje",1,ultje
3451605,margarita sardina ahumada aceite vegetal,margarita,xx:margarita,margarita sardina ahumada aceite vegetal,margarita,1,margarita
3956046,Noglut Gall Digestive Naranja,"Noglut,Santiveri","xx:noglut,xx:santiveri",noglut gall digestive naranja,"noglut,santiveri",1,noglut
649191,Heb Raw Chicken Tenders,HEB,xx:h-e-b,heb raw chicken tenders,heb,1,heb
684159,Tyson Bonless Chicken breast,Tyson,xx:tyson,tyson bonless chicken breast,tyson,1,tyson
3522721,"Tassimo Saimaza Cortado Cremoso, 16 T-discs (8 Servings)",Tassimo Saimaza,xx:tassimo-saimaza,"tassimo saimaza cortado cremoso, 16 t-discs (8 servings)",tassimo saimaza,1,tassimo saimaza
2700527,дошuрак,Доширак,xx:доширак,дошuрак,доширак,2,доширак
3719298,Bonelle squisite,"Bonelle, Fida","bonelle,fida",bonelle squisite,"bonelle, fida",1,bonelle
2084092,"Sonic, Ched R Bites, Small",Sonic,sonic,"sonic, ched r bites, small",sonic,1,sonic
316567,Planters Honey Nut Trail Mix,Planters,xx:planters,planters honey nut trail mix,planters,1,planters
1672791,Bonduelle roquette,Bonduelle,xx:bonduelle,bonduelle roquette,bonduelle,1,bonduelle
170923,"Full circle, mozzarella, white cheddar, parmesan and romano four cheese pizza",Full Circle,full-circle,"full circle, mozzarella, white cheddar, parmesan and romano four cheese pizza",full circle,1,full circle
4231677,Candy tree fraise,Candy Tree,xx:candy-tree,candy tree fraise,candy tree,1,candy tree
1628159,Granola Nougat Bits,Granola,xx:granola,granola nougat bits,granola,1,granola
2938543,Maltesers Drinking Chocolate Pouch 140G,Maltesers,xx:maltesers,maltesers drinking chocolate pouch 140g,maltesers,1,maltesers
1737503,Auchan sacs multifonctions a poignee 20l 20pcs,Auchan,xx:auchan,auchan sacs multifonctions a poignee 20l 20pcs,auchan,1,auchan
4258327,Breaker Strawberry,"Breaker, Melkunie","xx:melkunie,xx:breaker",breaker strawberry,"breaker, melkunie",1,breaker
3519680,"Oreo Cookies, Cool Mint",Oreo,xx:oreo,"oreo cookies, cool mint",oreo,1,oreo
2312728,Haribo Bunte Runde,Haribo,xx:haribo,haribo bunte runde,haribo,1,haribo
3597385,Bauducco tostadas integrales,Bauducco,xx:bauducco,bauducco tostadas integrales,bauducco,1,bauducco
3203651,Zuzu Ceva dulce orez lapte ciocolata 175g,Zuzu,xx:zuzu,zuzu ceva dulce orez lapte ciocolata 175g,zuzu,1,zuzu
979677,"Oasis food, ragin' red jalapeno jelly",Oasis Food,oasis-food,"oasis food, ragin' red jalapeno jelly",oasis food,1,oasis food
3417489,Kopparberg Strawberry & Pineapple,Kopparberg,xx:kopparberg,kopparberg strawberry & pineapple,kopparberg,1,kopparberg
3518336,Milka ChoqSplash,Milka,xx:milka,milka choqsplash,milka,1,milka
1788343,Chaource,"Chaource, Syndicat de défense du Chaource","xx:chaource,xx:syndicat-de-defense-du-chaource",chaource,"chaource, syndicat de defense du chaource",1,chaource
33864,Grether's Pastilles Blackcurrant Sugarfree,Grether's Pastilles,grether-s-pastilles,grether's pastilles blackcurrant sugarfree,grether's pastilles,1,grether's pastilles
4522309,"Tim Hortons, Mocha Iced Coffee",Tim Hortons,tim-hortons,"tim hortons, mocha iced coffee",tim hortons,1,tim hortons
4443555,Ruyee Steamed Bun With mushroom And Vegetable,Ruyee,xx:ruyee,ruyee steamed bun with mushroom and vegetable,ruyee,1,ruyee
2237211,Charrette Herit. vanil. 40d,"Charrette, Charrette Héritage","xx:charrette,xx:charrette-heritage",charrette herit. vanil. 40d,"charrette, charrette heritage",1,charrette
1094847,NuBar,Nublar,xx:nublar,nubar,nublar,2,nublar
3558399,Maxichis,maxichis,xx:maxichis,maxichis,maxichis,1,maxichis
1253291,"Marco's Pizza, Mountain Dew, Diet, 8 Fl Oz",Marco's Pizza,marco-s-pizza,"marco's pizza, mountain dew, diet, 8 fl oz",marco's pizza,1,marco's pizza
752698,"Protein2o, protein enhanced water, wild cherry splash",Protein2o,protein2o,"protein2o, protein enhanced water, wild cherry splash",protein2o,1,protein2o
914470,"Simply asia, thai kitchen, tangy lemongrass rice noodle cart",Simply Asia,simply-asia,"simply asia, thai kitchen, tangy lemongrass rice noodle cart",simply asia,1,simply asia
3548584,Hatsu Lila,HATSU,xx:hatsu,hatsu lila,hatsu,1,hatsu
3086910,"Fanta Citron Frappé,",Fanta,xx:fanta,"fanta citron frappe,",fanta,1,fanta
3589042,rapidito,Rapidito,xx:rapidito,rapidito,rapidito,1,rapidito
2576829,Quark nach russischer Art,Quarki,xx:quarki,quark nach russischer art,quarki,2,quarki
3056875,Guylian Creations in Chocolate,Guylian,guylian,guylian creations in chocolate,guylian,1,guylian
3947901,Leche Copirineo Desnatada,copirineo,xx:copirineo,leche copirineo desnatada,copirineo,1,copirineo
73994,Nature Valley Packed Sustained Energy Bar,Nature Valley,nature-valley,nature valley packed sustained energy bar,nature valley,1,nature valley
3485204,MAGGI Bouillon KUB Poule au Pot 15 cubes - 150g,Maggi,xx:maggi,maggi bouillon kub poule au pot 15 cubes - 150g,maggi,1,maggi
2766343,Yaw,Yaw,yaw,yaw,yaw,1,yaw
2890113,Pringles cheesy,Pringles,xx:pringles,pringles cheesy,pringles,1,pringles
2370670,Stralsunder Pils,Stralsunder,xx:stralsunder,stralsunder pils,stralsunder,1,stralsunder
477375,"Eating right, gluten free pasta, corn and rice spaghetti",Eating Right,eating-right,"eating right, gluten free pasta, corn and rice spaghetti",eating right,1,eating right
1485488,Jamon cocido Noel,Noel,xx:noel,jamon cocido noel,noel,1,noel
3242407,"Chuck E. Cheese, Beef, For Medium Pizza",Chuck E. Cheese,chuck-e-cheese,"chuck e. cheese, beef, for medium pizza",chuck e. cheese,1,chuck e. cheese
273884,Powderade mountain berry blast,Powerade,powerade,powderade mountain berry blast,powerade,2,powerade
3769750,Farfalle Rigate Tricolore Fattora,"Fattora, GR.A.M.M.","xx:fattora,xx:gr-a-m-m",farfalle rigate tricolore fattora,"fattora, gr.a.m.m.",1,fattora
943109,"Meijer, free & light, artificially flavored drink mix, iced tea peach",Meijer,meijer,"meijer, free & light, artificially flavored drink mix, iced tea peach",meijer,1,meijer
3487507,Starbucks Americano,Starbucks,xx:starbucks,starbucks americano,starbucks,1,starbucks
999955,Jocko Pre Workout,Jocko,xx:jocko,jocko pre workout,jocko,1,jocko
2974392,biolanta soft twins Kakao banilia,BIOAANTA,xx:bioaanta,biolanta soft twins kakao banilia,bioaanta,2,bioaanta
1638535,"Knorr Potage Poule Vermicelle Déshydraté déshydraté 690g jusqu'à 12,5L",Knorr,xx:knorr,"knorr potage poule vermicelle deshydrate deshydrate 690g jusqu'a 12,5l",knorr,1,knorr
441578,"Clover valley, coarse kosher salt","Clover Valley,  Gel Spice Company Inc","clover-valley,gel-spice-company-inc","clover valley, coarse kosher salt","clover valley, gel spice company inc",1,clover valley
2177877,Mézerac Yaourts à la vanille les 4 pots de 125 g,Mezerac,xx:mezerac,mezerac yaourts a la vanille les 4 pots de 125 g,mezerac,1,mezerac
2383303,"Barnhouse Granola Saaten, 375 GR Packung",Barnhouse,xx:barnhouse,"barnhouse granola saaten, 375 gr packung",barnhouse,1,barnhouse
3491163,Farmer Yogurt Mandorle Tostate,Farmer,xx:farmer,farmer yogurt mandorle tostate,farmer,1,farmer
51372,"Spartan, pasta sauce, mashroom",Spartan,spartan,"spartan, pasta sauce, mashroom",spartan,1,spartan
3513563,FINGERS,"Cadbury, Fingers","xx:cadbury,xx:fingers",fingers,"cadbury, fingers",1,fingers
1224134,Fruistar,Fruistar,xx:fruistar,fruistar,fruistar,1,fruistar
2002644,heinz beanz,heinz beanz,xx:heinz-beanz,heinz beanz,heinz beanz,1,heinz beanz
17186,Sunbites sal,Sunbites,xx:sunbites,sunbites sal,sunbites,1,sunbites
4451143,Coles Lactose Free Milk Low Fat x4,Coles,xx:coles,coles lactose free milk low fat x4,coles,1,coles
1692562,Meteor sans alcool,Meteor,xx:meteor,meteor sans alcool,meteor,1,meteor
3625178,"Baskin Robbins, Peanut Butter N Chocolate Ice Cream Quart",Baskin Robbins,baskin-robbins,"baskin robbins, peanut butter n chocolate ice cream quart",baskin robbins,1,baskin robbins
4214200,Sauce Fine Herbs Dresing Remia,Remia,xx:remia,sauce fine herbs dresing remia,remia,1,remia
1122361,"Simply asia, noodle bowl, spicy mongolian",Simply Asia,simply-asia,"simply asia, noodle bowl, spicy mongolian",simply asia,1,simply asia
4226366,Simon Lévelt Masterblend Supreme Gemalen Koffie in Capsules 10 Stuks 57 g,Simon Levelt,xx:simon-levelt,simon levelt masterblend supreme gemalen koffie in capsules 10 stuks 57 g,simon levelt,1,simon levelt
3612689,Sorvete Flocos Perfetto Pote 2l,PERFETTO,xx:perfetto,sorvete flocos perfetto pote 2l,perfetto,1,perfetto
3442641,Aceite Capullo,capullo,xx:capullo,aceite capullo,capullo,1,capullo
2829303,Weetabix Chocolate Melts,Weetabix,xx:weetabix,weetabix chocolate melts,weetabix,1,weetabix
1585040,"Black bear, swiss emmentaler cheese",Black Bear,black-bear,"black bear, swiss emmentaler cheese",black bear,1,black bear
1865985,Yaourt Panier de Yoplait abricot et nectarine  2 x 2 x 130 g,"Panier recette classique, Yoplait","xx:panier-recette-classique,xx:yoplait",yaourt panier de yoplait abricot et nectarine 2 x 2 x 130 g,"panier recette classique, yoplait",1,yoplait
1261680,Galleta Vainilla Chips de Chocolate Mostro,Mostro,mostro,galleta vainilla chips de chocolate mostro,mostro,1,mostro
2919541,Gusto organic cola,Gusto Organic,xx:gusto-organic,gusto organic cola,gusto organic,1,gusto organic
3393874,Kalles Original,Kalles,xx:kalles,kalles original,kalles,1,kalles
3660776,Rana Tomato and Mozzarella Filled Pan-Fry Gnocchi,Rana,xx:rana,rana tomato and mozzarella filled pan-fry gnocchi,rana,1,rana
1448504,EDEKA Käse Bio Frecher Friese 1kg 24.90€,EDEKA KÄSE,xx:edeka-kase,edeka kase bio frecher friese 1kg 24.90€,edeka kase,1,edeka kase
329790,Tostitos rondes,Tostitos,xx:tostitos,tostitos rondes,tostitos,1,tostitos
3091245,Energy,Energy,xx:energy,energy,energy,1,energy
1733837,Huile D'amande 250 ML - La Tourangelle,La tourangelle,xx:la-tourangelle,huile d'amande 250 ml - la tourangelle,la tourangelle,1,la tourangelle
403195,"Royal, pudding, strawberry cheesecake","Royal,  The Jel Sert Company","royal,the-jel-sert-company","royal, pudding, strawberry cheesecake","royal, the jel sert company",1,royal
2829016,Mornflake Medium Oatmeal,Mornflake,xx:mornflake,mornflake medium oatmeal,mornflake,1,mornflake
4374764,Mentos white TUTTI FRUTI 38CT,Mentos,xx:mentos,mentos white tutti fruti 38ct,mentos,1,mentos
60708,Rhubarb & Custard west country dairy ice cream,Country Dairy,xx:country-dairy,rhubarb & custard west country dairy ice cream,country dairy,1,country dairy
4440291,Vegie Delights Tender Crumbed Schnitzel,Vegie Delights,vegie-delights,vegie delights tender crumbed schnitzel,vegie delights,1,vegie delights
2682970,"PF Chang's, Mongolian Beef Bowl",PF Chang's,pf-chang-s,"pf chang's, mongolian beef bowl",pf chang's,1,pf chang's
2478126,Tandoori Bio-Gewürzzubereitung,"Bio,Aldi","xx:aldi,xx:bio",tandoori bio-gewurzzubereitung,"bio,aldi",1,bio
4324249,Meiji 4.3 deluxe milk,Meiji,xx:meiji,meiji 4.3 deluxe milk,meiji,1,meiji
2450532,LIDL chef select Rote Paprikaschoten,"chef select, lidl chef select","xx:chef-select,xx:lidl-chef-select",lidl chef select rote paprikaschoten,"chef select, lidl chef select",1,lidl chef select
3616257,Mel Lambertucci Café Bisnaga,Lambertucci,xx:lambertucci,mel lambertucci cafe bisnaga,lambertucci,1,lambertucci
1232847,"McDonald's, McCafe Coffee, Large",McDonald's,mcdonald-s,"mcdonald's, mccafe coffee, large",mcdonald's,1,mcdonald's
418214,"Pez, peanuts, limited edition candy",Pez,pez,"pez, peanuts, limited edition candy",pez,1,pez
1921856,Paysan Breton U. H. T. Long Life Whipping Cream,Paysan breton,xx:paysan-breton,paysan breton u. h. t. long life whipping cream,paysan breton,1,paysan breton
1222969,"Perkins, Cheeseburger Fries",Perkins,perkins,"perkins, cheeseburger fries",perkins,1,perkins
1693617,4 Mini Caprices des dieux,"Caprice Des Dieux, Savencia","xx:caprice-des-dieux,xx:savencia",4 mini caprices des dieux,"caprice des dieux, savencia",2,caprice des dieux
4414899,Heineken 0.0 Pure Malt Lager,Heineken,xx:heineken,heineken 0.0 pure malt lager,heineken,1,heineken
2805585,Sprite  getränk,Sprite,xx:sprite,sprite getrank,sprite,1,sprite
3815879,Zuegg zero zuccheri aggiunti ciliegie nere,Zuegg,xx:zuegg,zuegg zero zuccheri aggiunti ciliegie nere,zuegg,1,zuegg
3632963,Loacker cacao&milk,Loacker,xx:loacker,loacker cacao&milk,loacker,1,loacker
4461157,Peanut Butter Chocolate,Chocolatier,chocolatier,peanut butter chocolate,chocolatier,2,chocolatier
969906,Marigot Bay St Lucia,Marigot Bay,marigot-bay,marigot bay st lucia,marigot bay,1,marigot bay
3544033,"Einstein Bros, Hot Mocha, 16 Fl Oz",Einstein Bros,einstein-bros,"einstein bros, hot mocha, 16 fl oz",einstein bros,1,einstein bros
3088836,Coca-Cola Zero Energy,Coca-Cola,xx:coca-cola,coca-cola zero energy,coca-cola,1,coca-cola
1883267,Jus d'orange Monoprix,Monoprix,xx:monoprix,jus d'orange monoprix,monoprix,1,monoprix
316869,Breyer’s vanilla Ice Cream,Breyer’s,xx:breyer-s,breyer's vanilla ice cream,breyer's,1,breyer's
371512,Sour Patch Kids Peach,Sour Patch Kids,xx:sour-patch-kids,sour patch kids peach,sour patch kids,1,sour patch kids
4271070,Eru crème de brie,Eru,xx:eru,eru creme de brie,eru,1,eru
3432213,Margarina sin sal Delicia Eugenia,Eugenia,xx:eugenia,margarina sin sal delicia eugenia,eugenia,1,eugenia
2680315,GODIV　 チーズケーキ　エ　ショコラ,GODIVA,godiva,godiv チースケーキ エ ショコラ,godiva,2,godiva
3553484,Atún Rallado en Aceite al Natural,Atún Rallado,atun-rallado,atun rallado en aceite al natural,atun rallado,1,atun rallado
3322276,Ruispalat Original,"Vaasan, Ruispalat","xx:ruispalat,xx:vaasan",ruispalat original,"vaasan, ruispalat",1,ruispalat
2828200,Schwartz Ground Allspice 37G Jar,"Schwartz, Mccormick","schwartz,mccormick",schwartz ground allspice 37g jar,"schwartz, mccormick",1,schwartz
210331,"Hannaford, seltzer water, original","Hannaford,  Hannaford Bros. Co.","hannaford,hannaford-bros-co","hannaford, seltzer water, original","hannaford, hannaford bros. co.",1,hannaford
4075421,AAINA Basmati Rice Extra Long Grain,AAINA,xx:aaina,aaina basmati rice extra long grain,aaina,1,aaina
5241,Eismann Paella,Eismann,xx:eismann,eismann paella,eismann,1,eismann
3250785,Zouitina,Zouitina,xx:zouitina,zouitina,zouitina,1,zouitina
2067538,"Dunkin' Donuts, Peppermint Mocha Swirl Hot Coffee, Medium",Dunkin' Donuts,dunkin-donuts,"dunkin' donuts, peppermint mocha swirl hot coffee, medium",dunkin' donuts,1,dunkin' donuts
2348245,Söbbeke Bio Weidenmilch Joghurt mild Winter Orange 4008471495062 Bio Joghurt mild mit Orange Ingwer,Söbbeke,xx:sobbeke,sobbeke bio weidenmilch joghurt mild winter orange 4008471495062 bio joghurt mild mit orange ingwer,sobbeke,1,sobbeke
3592641,Iogurte Baunilha Zero Lactose Molico Bandeja 360g 4 Unidades,MOLICO,xx:molico,iogurte baunilha zero lactose molico bandeja 360g 4 unidades,molico,1,molico
1816473,"Metzger Muller, Veritable tartinette d'Alsace, le",Metzger muller,xx:metzger-muller,"metzger muller, veritable tartinette d'alsace, le",metzger muller,1,metzger muller
2354484,Danone FruchtZwerge Bio Erdbeere 4 x 50g,"Danone, FruchtZwerge","xx:danone,xx:fruchtzwerge",danone fruchtzwerge bio erdbeere 4 x 50g,"danone, fruchtzwerge",1,danone
4284396,Rama mit Butter und Meersalz,Rama,xx:rama,rama mit butter und meersalz,rama,1,rama
4128378,"Quiznos, Dressing, For Classic Italian, 8&quot;",Quiznos,quiznos,"quiznos, dressing, for classic italian, 8""",quiznos,1,quiznos
3487933,Maggi carbonara pasta,Maggi,xx:maggi,maggi carbonara pasta,maggi,1,maggi
1657345,BLEDICHEF 250g Emincé de Pommes de terre et Jambon Dès 18 mois,"Blédichef, Blédina","xx:bledichef,xx:bledina",bledichef 250g emince de pommes de terre et jambon des 18 mois,"bledichef, bledina",1,bledichef
3593342,Formula Infantil Aptamil 800g Lt Premium 1,APTAMIL,xx:aptamil,formula infantil aptamil 800g lt premium 1,aptamil,1,aptamil
2333996,Malibu liqueur,Malibu,xx:malibu,malibu liqueur,malibu,1,malibu
3893343,Danacol ananas,Danacol,xx:danacol,danacol ananas,danacol,1,danacol
3441911,Crema de cacahuate untable Great Value,Great valué,xx:great-value,crema de cacahuate untable great value,great value,1,great value
737058,Good Thins,Good Thins,xx:good-thins,good thins,good thins,1,good thins
2753536,Pro Matrix 7 Multiple source Protein,Pro Matrix 7,xx:pro-matrix-7,pro matrix 7 multiple source protein,pro matrix 7,1,pro matrix 7
2554912,"Papa John's, Pepperoni Specialty On Pan Crust, 1 Slice",Papa John's,papa-john-s,"papa john's, pepperoni specialty on pan crust, 1 slice",papa john's,1,papa john's
3375124,"White Castle, Crave Cooler Coke, Large",White Castle,white-castle,"white castle, crave cooler coke, large",white castle,1,white castle
2886201,Aptamil organic first infant milk,Aptamil,xx:aptamil,aptamil organic first infant milk,aptamil,1,aptamil
4331434,ดัชมิลล์ 4อิน1 ไมโครแอคทีฟ โยเกิร์ตพร้อมดื่มยูเอชที สูตรน้ำตาลน้อยกว่า กลิ่นแอปเปิ้ลอาโอโมริและลิ้นจี่,ดัชมิลล์,xx:ดัชมิลล์,ดัชมิลล์ 4อิน1 ไมโครแอคทีฟ โยเกิร์ตพรอมดืมยเอชที สตรนําตาลนอยกวา กลินแอปเปิลอาโอโมริและลินจี,ดัชมิลล์,2,ดัชมิลล์
2815936,Duchy Organic Lemon All Butter Shortbread,"Duchy Organic, Waitrose Duchy Organic","xx:duchy-organic,xx:waitrose-duchy-organic",duchy organic lemon all butter shortbread,"duchy organic, waitrose duchy organic",1,duchy organic
2286964,Žito Special toast,Žito,žito,zito special toast,zito,1,zito
3594672,PRESIDENT LA CREME BRIE,Président,xx:president,president la creme brie,president,1,president
1247899,mentos white always,mentos,xx:mentos,mentos white always,mentos,1,mentos
3482696,Nestle Nestum,Nestlé,nestle,nestle nestum,nestle,1,nestle
3348386,Cornichons extra fins Amora,Amora,xx:amora,cornichons extra fins amora,amora,1,amora
2284049,Mogu Mogu - Melon flavor drink,Mogu Mogu,xx:mogu-mogu,mogu mogu - melon flavor drink,mogu mogu,1,mogu mogu
4212074,AH Servetten 2-laags 33x33 cm wit,AH,xx:albert-heijn,ah servetten 2-laags 33x33 cm wit,ah,1,ah
1337418,Pilos Felii de chec cu cacao cu umplutura cu lapte in glazura de ciocolata amaruie,Pilos,pilos,pilos felii de chec cu cacao cu umplutura cu lapte in glazura de ciocolata amaruie,pilos,1,pilos
1883780,Petits pains grillés au froment Bio Monoprix,"Monoprix, Monoprix Bio","xx:monoprix,xx:monoprix-bio",petits pains grilles au froment bio monoprix,"monoprix, monoprix bio",1,monoprix
1418833,AH HAM-KAAS CROISSANT,AH,xx:albert-heijn,ah ham-kaas croissant,ah,1,ah
3208563,timisoreana doza,timisoreana,xx:timisoreana,timisoreana doza,timisoreana,1,timisoreana
3598799,Bebida Láctea Uht Chocolate Toddynho Levinho Caixa 200ml,Toddynho Levinho,xx:toddynho-levinho,bebida lactea uht chocolate toddynho levinho caixa 200ml,toddynho levinho,1,toddynho levinho
4340498,Bobo Medium Large Premium Fish Cakes,Bobo,xx:bobo,bobo medium large premium fish cakes,bobo,1,bobo
3272316,Prince Mini Gâteau,"LU,Prince","xx:lu,xx:prince",prince mini gateau,"lu,prince",1,prince
4365004,Keya Oregano Seasoning,Keya,xx:keya,keya oregano seasoning,keya,1,keya
1048045,"Nature's eats, pecan halves","Nature's Eats,  Texas Star Nut & Food Company  Inc.","nature-s-eats,texas-star-nut-food-company-inc","nature's eats, pecan halves","nature's eats, texas star nut & food company inc.",1,nature's eats
2552970,Karls Brause,Karls,xx:karls,karls brause,karls,1,karls
144370,Craisins raspberry lemonade,Craisins,xx:craisins,craisins raspberry lemonade,craisins,1,craisins
3390525,Findus Fiskgratäng Citron & Dill,Findus,xx:findus,findus fiskgratang citron & dill,findus,1,findus
48271,"Roundy's, 100% pure corn starch",Roundy's,roundy-s,"roundy's, 100% pure corn starch",roundy's,1,roundy's
3336858,Mentos  SUMMER,Mentos,xx:mentos,mentos summer,mentos,1,mentos
21759,kimbo espresso italiano,Kimbo,xx:kimbo,kimbo espresso italiano,kimbo,1,kimbo
286653,soda  tropical,tropical,xx:tropical,soda tropical,tropical,1,tropical
1566251,Costa,Costa,xx:costa,costa,costa,1,costa
2236122,Quinoa mais tomates haricot rouge,Quinola,xx:quinola,quinoa mais tomates haricot rouge,quinola,2,quinola
3919959,Barritas de cereales sunny grain sport,sunny grain,xx:sunny-grain,barritas de cereales sunny grain sport,sunny grain,1,sunny grain
3209261,Santal piersici,Santal,santal,santal piersici,santal,1,santal
2056409,Auchan penne rigate auchan 500 g,Auchan,xx:auchan,auchan penne rigate auchan 500 g,auchan,1,auchan
1192451,"California Gold Nutrition, CollagenUP, Hydrolyzed Marine Collagen Peptides with Hyaluronic Acid and Vitamin C, Unflavored",California Gold Nutrition,xx:california-gold-nutrition,"california gold nutrition, collagenup, hydrolyzed marine collagen peptides with hyaluronic acid and vitamin c, unflavored",california gold nutrition,1,california gold nutrition
4212369,AH Kleintje thaise wokgroente,AH,xx:albert-heijn,ah kleintje thaise wokgroente,ah,1,ah
52048,"Spartan, peach, almond & multigrain oatmeal, peach almond",Spartan,spartan,"spartan, peach, almond & multigrain oatmeal, peach almond",spartan,1,spartan
1790766,Franprix velouté de légumes du potager 1L,Franprix,xx:franprix,franprix veloute de legumes du potager 1l,franprix,1,franprix
2840270,EAST READY COOKED Iceland CAJUN CHICKEN SKEWERS FR,Iceland,xx:iceland,east ready cooked iceland cajun chicken skewers fr,iceland,1,iceland
3986905,Itac cocktail mix,Itac,xx:itac,itac cocktail mix,itac,1,itac
856916,Cornichons cachers à l'ail Vlasic Snack'mms,Vlasic,xx:vlasic,cornichons cachers a l'ail vlasic snack'mms,vlasic,1,vlasic
2300282,"O'Charley's, Mint Brownie Blast Pie, 1 Slice",O'Charley's,o-charley-s,"o'charley's, mint brownie blast pie, 1 slice",o'charley's,1,o'charley's
1698067,Lipton infusion glacée menthe saveur fraise,Lipton,xx:lipton,lipton infusion glacee menthe saveur fraise,lipton,1,lipton
4056650,GVTARRA ENSALADA CAMPESINA,Gvtarra,xx:gvtarra,gvtarra ensalada campesina,gvtarra,1,gvtarra
965672,Pan Pita Árabe St Charbel,St Charbel,xx:st-charbel,pan pita arabe st charbel,st charbel,1,st charbel
40039,Kroger Garlic 3-Cheese Texas Toast,Kroger,xx:kroger,kroger garlic 3-cheese texas toast,kroger,1,kroger
3566399,Te green hills,green hills,xx:green-hills,te green hills,green hills,1,green hills
1256004,"Sheetz, Cucumbers, For MTO Chicken Sandwich",Sheetz,sheetz,"sheetz, cucumbers, for mto chicken sandwich",sheetz,1,sheetz
2045120,Le villageois,Les Villageois,xx:les-villageois,le villageois,les villageois,2,les villageois
3697847,Sapori di mare,"IASA, Sapori di mare","xx:iasa,xx:sapori-di-mare",sapori di mare,"iasa, sapori di mare",1,sapori di mare
4097387,"Milolo ,arrochito",Arrochito,xx:arrochito,"milolo ,arrochito",arrochito,1,arrochito
859118,"Water wheel, cheese twist, classic cheddar",Water Wheel,water-wheel,"water wheel, cheese twist, classic cheddar",water wheel,1,water wheel
566908,Bollas de chocolate Tiger,Tiger,xx:tiger,bollas de chocolate tiger,tiger,1,tiger
3014552,Simpl Œufs de Poules Élevées au Sol Frais 12 Pièces,"Carrefour, Simpl","xx:carrefour,xx:simpl",simpl œufs de poules elevees au sol frais 12 pieces,"carrefour, simpl",1,simpl
3194819,GO ACTIVE  granola wysokobiałkowa,GO ACTIVE,xx:go-active,go active granola wysokobiałkowa,go active,1,go active
941411,"Fairway, american singles",Fairway,fairway,"fairway, american singles",fairway,1,fairway
4159865,Go nuts,Go Nuts,xx:go-nuts,go nuts,go nuts,1,go nuts
4437974,Kirk’s creaming soda,Kirk’s,xx:kirk-s,kirk's creaming soda,kirk's,1,kirk's
83211,"Kashi, Layered Peanutty Dark Granola Bars",Kashi,xx:kashi,"kashi, layered peanutty dark granola bars",kashi,1,kashi
3188860,DZIK Protein Bar Peanut butter,DZIK,xx:dzik,dzik protein bar peanut butter,dzik,1,dzik
463830,"Great value, drink mix, strawberry lemon with chamomile",Great Value,great-value,"great value, drink mix, strawberry lemon with chamomile",great value,1,great value
3091365,"Red Lobster, Parrot Isle Jumbo Coconut Shrimp, Add 5 More",Red Lobster,red-lobster,"red lobster, parrot isle jumbo coconut shrimp, add 5 more",red lobster,1,red lobster
2257786,Chibre Bleu,Chibre bleu,xx:chibre-bleu,chibre bleu,chibre bleu,1,chibre bleu
3635785,Uovo Ferrero Rocher Fondente,Ferrero Rocher,xx:ferrero-rocher,uovo ferrero rocher fondente,ferrero rocher,1,ferrero rocher
3479809,Schweppes Mojito Virgin,Schweppes,xx:schweppes,schweppes mojito virgin,schweppes,1,schweppes
1139038,"Biena, chickpea snacks, honey roasted",Biena,biena,"biena, chickpea snacks, honey roasted",biena,1,biena
3519810,Pack Biscoito Presunto Club Social Pacote 141g 6 Unidades,CLUB SOCIAL,xx:club-social,pack biscoito presunto club social pacote 141g 6 unidades,club social,1,club social
3158488,Nestlé Fitness Yoghurt 425 g,Nestlé,xx:nestle,nestle fitness yoghurt 425 g,nestle,1,nestle
3596044,Pão De Páscoa Recheio Brigadeiro Panco Caixa 570g,PANCO,xx:panco,pao de pascoa recheio brigadeiro panco caixa 570g,panco,1,panco
2600882,Ahead Crazy Pistachio Aufstrich,Ahead,xx:ahead,ahead crazy pistachio aufstrich,ahead,1,ahead
3691512,Lindt Lindor Mischung,"Lindor, Lindt, Lindt & Sprüngli","xx:lindor,xx:lindt,xx:lindt-sprungli",lindt lindor mischung,"lindor, lindt, lindt & sprungli",1,lindt
4355460,Good Life urad washed gota,Good Life,xx:good-life,good life urad washed gota,good life,1,good life
2582746,Mozart muesli,mymuesli,xx:mymuesli,mozart muesli,mymuesli,2,mymuesli
3058454,"Provamel Bio fermentiertes Sojaprodukt, Apfel 6x400g",Provamel,xx:provamel,"provamel bio fermentiertes sojaprodukt, apfel 6x400g",provamel,1,provamel
693089,Whole Foods Honey Dijon Chicken,Whole Foods,xx:whole-foods,whole foods honey dijon chicken,whole foods,1,whole foods
186376,BBQ Sauced Pork Rib Patty on a Sub Bun,Pork Rib,xx:pork-rib,bbq sauced pork rib patty on a sub bun,pork rib,1,pork rib
5885,Kinder tejszelet,Kinder,xx:kinder,kinder tejszelet,kinder,1,kinder
4228790,Magnum Barre Glacée Brownie Framboise x4 200ml,Magnum,xx:magnum,magnum barre glacee brownie framboise x4 200ml,magnum,1,magnum
1024104,Sunwarrior clean keto protein peptides,Sunwarrior,sunwarrior,sunwarrior clean keto protein peptides,sunwarrior,1,sunwarrior
3623280,"Sorvete Baunilha Calda Morango Nobrelli Tentazione Pote 1,5l",NOBRELLI,xx:nobrelli,"sorvete baunilha calda morango nobrelli tentazione pote 1,5l",nobrelli,1,nobrelli
2777050,Karamucho Flat Hot Chili KOIKEYA,Koikeya,xx:koikeya,karamucho flat hot chili koikeya,koikeya,1,koikeya
3614600,oi,oi,xx:oi,oi,oi,1,oi
2927589,Cabico 6 Choco coconut rings,Cabico,xx:cabico,cabico 6 choco coconut rings,cabico,1,cabico
125486,Nestle flavored powder strawberry,Nestlé,xx:nestle,nestle flavored powder strawberry,nestle,1,nestle
3284373,naran krem 250qr,krem,xx:krem,naran krem 250qr,krem,1,krem
1282968,Yaourt aux fruits mixés Aldi,Aldi,xx:aldi,yaourt aux fruits mixes aldi,aldi,1,aldi
370788,"Mancini, sweet roasted peppers",Mancini,mancini,"mancini, sweet roasted peppers",mancini,1,mancini
2812916,Maltesers Malteaster Milk Chocolate Bunnies X5 145G,Maltesers,xx:maltesers,maltesers malteaster milk chocolate bunnies x5 145g,maltesers,1,maltesers
3608614,Iogurte Grego Frutas Vermelhas Vigor Frasco 220g,VIGOR,xx:vigor,iogurte grego frutas vermelhas vigor frasco 220g,vigor,1,vigor
2644679,"KFC, Sierra Mist, 30 Fl Oz",KFC,kfc,"kfc, sierra mist, 30 fl oz",kfc,1,kfc
3267339,AkwabaO',AkwabaO',xx:akwabao,akwabao',akwabao',2,akwabao'
1168841,"Fabi-saa, black quinoa grains",Fabi-Saa,fabi-saa,"fabi-saa, black quinoa grains",fabi-saa,1,fabi-saa
3045743,SPA TOUCH Bruisend Watermelon Kiwi 6 x 50cl,Spa,xx:spa,spa touch bruisend watermelon kiwi 6 x 50cl,spa,1,spa
1153454,JOCKO GO Real Energy Orange flavor,JOCKO,xx:jocko,jocko go real energy orange flavor,jocko,1,jocko
3430737,Arcor Bon O Bon Chocolate,Archor,archor,arcor bon o bon chocolate,archor,2,archor
423795,Oh Snap Dilly Bites,Oh Snap,oh-snap,oh snap dilly bites,oh snap,1,oh snap
200836,HEB semisweet Chocolate baking chips,HEB,xx:h-e-b,heb semisweet chocolate baking chips,heb,1,heb
3482952,Perrier slim,Perrier,xx:perrier,perrier slim,perrier,1,perrier
2944578,Monster energy ultra zero sugar,Monster Energy,xx:monster-energy,monster energy ultra zero sugar,monster energy,1,monster energy
4330832,Thai-Denmark milk,Thai-Denmark,xx:thai-denmark,thai-denmark milk,thai-denmark,1,thai-denmark
2844692,Bacardi OakHeart,Bacardi,xx:bacardi,bacardi oakheart,bacardi,1,bacardi
1219189,"Firehouse Subs, Hi-C Orange Vanilla, 32 Fl Oz",Firehouse Subs,firehouse-subs,"firehouse subs, hi-c orange vanilla, 32 fl oz",firehouse subs,1,firehouse subs
275705,Nice oatmeal cookies,Nice,nice,nice oatmeal cookies,nice,1,nice
1691425,Herta pate brisée,Herta,xx:herta,herta pate brisee,herta,1,herta
3199945,Chips Lays Paprika,"Lays,Lay's","lays,lay-s",chips lays paprika,"lays,lay's",1,lays
3738281,Amica Chips - Teenagers Classica 50G,Amica Chips,xx:amica-chips,amica chips - teenagers classica 50g,amica chips,1,amica chips
1817854,"Grand Vatel, Pates a potage, le paquet de",Grand Vatel,xx:grand-vatel,"grand vatel, pates a potage, le paquet de",grand vatel,1,grand vatel
3371373,Sigdal Breakfast 240 g,Sigdal,xx:sigdal,sigdal breakfast 240 g,sigdal,1,sigdal
679267,Sam’s 85/15,Sam’s,xx:sam-s,sam's 85/15,sam's,1,sam's
2891377,Best-in,Best-in,xx:best-in,best-in,best-in,1,best-in
3329757,"Firehouse Subs, POWERade Grape, 12 Fl Oz",Firehouse Subs,firehouse-subs,"firehouse subs, powerade grape, 12 fl oz",firehouse subs,1,firehouse subs
444195,"Lance, quick starts, breakfast biscuit sandwiches, chocolate creme, chocolate creme",Lance,lance,"lance, quick starts, breakfast biscuit sandwiches, chocolate creme, chocolate creme",lance,1,lance
3634736,Tic tac cerise passion t4 t(33x4) pack de 4 etuis,"Ferrero, TIC TAC","xx:ferrero,xx:tic-tac",tic tac cerise passion t4 t(33x4) pack de 4 etuis,"ferrero, tic tac",1,tic tac
952458,"Target corporation, chocolate pencils","Target Corporation,  Ross Acquisition Inc.","target-corporation,ross-acquisition-inc","target corporation, chocolate pencils","target corporation, ross acquisition inc.",1,target corporation
2289440,Plavac mali,Plavac,xx:plavac,plavac mali,plavac,1,plavac
4376268,Cozy tắc mật ong,Cozy,xx:cozy,cozy tac mat ong,cozy,1,cozy
4424845,"IHOP, Tropicana Premium Orange Juice, Large",IHOP,ihop,"ihop, tropicana premium orange juice, large",ihop,1,ihop
446384,"Bassetts, ice cream, butter pecan",Bassetts,bassetts,"bassetts, ice cream, butter pecan",bassetts,1,bassetts
2740507,Арахис BOSO в оболочке сыр+ лук,BOSO,boso,арахис boso в оболочке сыр+ лук,boso,1,boso
1394164,Alpenmark Sahne Käsercken,Alpenmark,xx:alpenmark,alpenmark sahne kasercken,alpenmark,1,alpenmark
1817509,"Spécialité fromagère pasteurisé P'TIT LOUIS emmental, 23,9%MG","P'tit louis,Savencia","xx:p-tit-louis,xx:savencia","specialite fromagere pasteurise p'tit louis emmental, 23,9%mg","p'tit louis,savencia",1,p'tit louis
1186726,"Xyloburst, Xylitol Gum, Cinnamon",Xyloburst,xx:xyloburst,"xyloburst, xylitol gum, cinnamon",xyloburst,1,xyloburst
1717347,"Baskin Robbins, Original Cappuccino Blast, Large",Baskin Robbins,baskin-robbins,"baskin robbins, original cappuccino blast, large",baskin robbins,1,baskin robbins
3458673,Birra Moretti 4.6% vol,Moretti,xx:moretti,birra moretti 4.6% vol,moretti,1,moretti
3433583,Act II 3 pack sabor natural,Act II,xx:act-ii,act ii 3 pack sabor natural,act ii,1,act ii
3623319,Brioche pão de leite Paderri 280g,Paderri,xx:paderri,brioche pao de leite paderri 280g,paderri,1,paderri
3387405,MARGARINA SIN SAL EVESOL,EVESOL,xx:evesol,margarina sin sal evesol,evesol,1,evesol
1126461,"Purely elizabeth, ancient granola + puffs cereal, pumpkin fig",Purely Elizabeth,purely-elizabeth,"purely elizabeth, ancient granola + puffs cereal, pumpkin fig",purely elizabeth,1,purely elizabeth
95896,"Waterfront bistro, raw shrimp medium peeled & deveined, tail off",Waterfront Bistro,xx:waterfront-bistro,"waterfront bistro, raw shrimp medium peeled & deveined, tail off",waterfront bistro,1,waterfront bistro
1466141,Jumbo Roasted Ham ca. 110 g,Jumbo,xx:jumbo,jumbo roasted ham ca. 110 g,jumbo,1,jumbo
1021439,"Thorntons, cupcake crazy milk chocolate egg","Thorntons,  Lbb Imports  Llc","thorntons,lbb-imports-llc","thorntons, cupcake crazy milk chocolate egg","thorntons, lbb imports llc",1,thorntons
510485,"Martin purefoods, hot dogs",Martin Purefoods,martin-purefoods,"martin purefoods, hot dogs",martin purefoods,1,martin purefoods
3088111,Fanta Peche Abricot btlle 1.5L pet,Fanta,xx:fanta,fanta peche abricot btlle 1.5l pet,fanta,1,fanta
3710682,Divella Pignolina 71 500GRS,Divella,xx:divella,divella pignolina 71 500grs,divella,1,divella
2906428,asda pipper mash,Asda,xx:asda,asda pipper mash,asda,1,asda
4255763,Longkou Glasnudler,Longkou,xx:longkou,longkou glasnudler,longkou,1,longkou
2664103,Hänchenschenkel mit Rückenstück XXL,XXL,xx:xxl,hanchenschenkel mit ruckenstuck xxl,xxl,1,xxl
2757572,"Олія «Фаворит» 82,5% ДСТУ 4399,",Фаворит,xx:фаворит,"олія «фаворит» 82,5% дсту 4399,",фаворит,1,фаворит
7983,Pago cerise raisin,Pago,xx:pago,pago cerise raisin,pago,1,pago
452800,"Bachman, thin'n right, crispy, candy, great tasting baked pretzels",Bachman,bachman,"bachman, thin'n right, crispy, candy, great tasting baked pretzels",bachman,1,bachman
523737,Brantley Creek Original Barbecue,Brantley Creek,xx:brantley-creek,brantley creek original barbecue,brantley creek,1,brantley creek
1983097,DCL Instant Yeast,DCL,xx:dcl,dcl instant yeast,dcl,1,dcl
4278081,AH Ice tea green koolzuurvrij,AH,xx:albert-heijn,ah ice tea green koolzuurvrij,ah,1,ah
269319,peanut butter m&m's cookie sandwich,m&m's,xx:m-m-s,peanut butter m&m's cookie sandwich,m&m's,1,m&m's
3480647,Cerelac 5 Cereales y leche,"Nestlé,Cerelac","xx:nestle,xx:cerelac",cerelac 5 cereales y leche,"nestle,cerelac",1,cerelac
3320934,Aino Suklainen metsämarja,Aino,xx:aino,aino suklainen metsamarja,aino,1,aino
222843,"Frankford, nickelodeon, paw patrol gummi candy","Frankford,  Frankford Candy  Llc","frankford,frankford-candy-llc","frankford, nickelodeon, paw patrol gummi candy","frankford, frankford candy llc",1,frankford
372301,"Lehigh valley farms, sherbet, raspberry",Lehigh Valley Farms,lehigh-valley-farms,"lehigh valley farms, sherbet, raspberry",lehigh valley farms,1,lehigh valley farms
438289,Evian Natural Spring Water,Evian,evian,evian natural spring water,evian,1,evian
3594604,Yogurte grego - Batavo,Batavo,xx:batavo,yogurte grego - batavo,batavo,1,batavo
892496,Clif kid zbar organic chocolate brownie energy bars,CLIF,xx:clif,clif kid zbar organic chocolate brownie energy bars,clif,1,clif
4278940,AH Wasmiddel zwart & donker,AH,xx:albert-heijn,ah wasmiddel zwart & donker,ah,1,ah
3242649,Aldi organic raw cashew,Aldi,xx:aldi,aldi organic raw cashew,aldi,1,aldi
458811,"Jimmy dean, pancakes & sausage bites!, original, original","Jimmy Dean,  Sara Lee Foods","jimmy-dean,sara-lee-foods","jimmy dean, pancakes & sausage bites!, original, original","jimmy dean, sara lee foods",1,jimmy dean
3213257,"Golden Corral, Mild Buffalo Chicken Wings",Golden Corral,golden-corral,"golden corral, mild buffalo chicken wings",golden corral,1,golden corral
2693576,Fry's дикий лосось 130гр,Fry's,xx:fry-s,fry's дикии лосось 130гр,fry's,1,fry's
731939,Nikkos blueberry yogurt,Nikkos,xx:nikkos,nikkos blueberry yogurt,nikkos,1,nikkos
3284507,Naderi Cookie,Naderi,xx:naderi,naderi cookie,naderi,1,naderi
3447799,Cifrut manzana,Cifrut,xx:cifrut,cifrut manzana,cifrut,1,cifrut
3589635,queso mozarella holandesa,holandesa,holandesa,queso mozarella holandesa,holandesa,1,holandesa
3663510,Parmesan Castelli Copeaux,Castelli,xx:castelli,parmesan castelli copeaux,castelli,1,castelli
2410783,Weider protein bar,Weider,xx:weider,weider protein bar,weider,1,weider
2376425,Bahlsen Eierlikörkuchen,Bahlsen,xx:bahlsen,bahlsen eierlikorkuchen,bahlsen,1,bahlsen
3625157,"Pizza Hut, Hersheys Toasted Smores Cookie, 1 Slice",Pizza Hut,pizza-hut,"pizza hut, hersheys toasted smores cookie, 1 slice",pizza hut,1,pizza hut
3016777,Carrefour Cake Chocolat-Fruits de passion 6 Personnes,Carrefour,xx:carrefour,carrefour cake chocolat-fruits de passion 6 personnes,carrefour,1,carrefour
1223273,"IHOP, 3 Poached Eggs, For Big 3 Egg Breakfast",IHOP,ihop,"ihop, 3 poached eggs, for big 3 egg breakfast",ihop,1,ihop
2573387,Spaghetti alnavit,Alnavit,xx:alnavit,spaghetti alnavit,alnavit,1,alnavit
352717,Strawberry Banana Smoothie Oasis,Oasis,xx:oasis,strawberry banana smoothie oasis,oasis,1,oasis
969083,Kettle potato chips,"Kettle,  One Potato Two Potato","kettle,one-potato-two-potato",kettle potato chips,"kettle, one potato two potato",1,kettle
3512905,Dairy molk oreo,Oreo,xx:oreo,dairy molk oreo,oreo,1,oreo
2332038,"Tartex Cremisso Gartenkräuter, 180 GR Glas",Tartex,xx:tartex,"tartex cremisso gartenkrauter, 180 gr glas",tartex,1,tartex
2189045,Ya amande,"Bio Groupe,Ya","xx:bio-groupe,xx:ya",ya amande,"bio groupe,ya",1,ya
3808070,Columbus,Columbus,xx:columbus,columbus,columbus,1,columbus
2689032,LYFT EAA,LYFT,xx:lyft,lyft eaa,lyft,1,lyft
1730714,Saint Joseph Rochegonde,"Cave de Tain, Saint Joseph","xx:cave-de-tain,xx:saint-joseph",saint joseph rochegonde,"cave de tain, saint joseph",1,saint joseph
2844404,Berocca ENERGY RELEASE,Berocca,xx:berocca,berocca energy release,berocca,1,berocca
1735449,Bte 4 / 4 Salsifis Coupes Chaville Grand Jury,Grand Jury,xx:grand-jury,bte 4 / 4 salsifis coupes chaville grand jury,grand jury,1,grand jury
1798932,"La maison guiot, Sirop de caramel , la bouteille de 70",La maison guiot,xx:la-maison-guiot,"la maison guiot, sirop de caramel , la bouteille de 70",la maison guiot,1,la maison guiot
207843,Rolan couscous,Roland,xx:roland,rolan couscous,roland,2,roland
1002135,Sarelle,Sarelle,xx:sarelle,sarelle,sarelle,1,sarelle
1957268,DENTIFRICE ARGILE DENTICLAY CITRON EAU THERMALE (75ML) CIEL D'AZUR,CIEL D'AZUR,xx:ciel-d-azur,dentifrice argile denticlay citron eau thermale (75ml) ciel d'azur,ciel d'azur,1,ciel d'azur
3272568,Azeite De Oliva Extra Virgem Tunisiano Rahma Vidro 500ml,Rahma,xx:rahma,azeite de oliva extra virgem tunisiano rahma vidro 500ml,rahma,1,rahma
1820168,Chipolatas Bigard,Bigard,xx:bigard,chipolatas bigard,bigard,1,bigard
330647,"Sapp, organic birch tree water, nettle",Sapp,sapp,"sapp, organic birch tree water, nettle",sapp,1,sapp
1452311,Atún aleta amarilla hacendado,Hacendado,xx:hacendado,atun aleta amarilla hacendado,hacendado,1,hacendado
3427062,Arroz arosisimo integral,"arrosísimo, Arrosisimo","xx:arrosisimo,xx:arrosisimo",arroz arosisimo integral,"arrosisimo, arrosisimo",2,arrosisimo
3234661,Maq Washing Powder,MAQ,xx:maq,maq washing powder,maq,1,maq
3466187,Czekolada Lindt,Lindt,xx:lindt,czekolada lindt,lindt,1,lindt
4524176,"Dairy Queen, Biscuit Sandwich, Ham",Dairy Queen,dairy-queen,"dairy queen, biscuit sandwich, ham",dairy queen,1,dairy queen
2080527,Kaba Erdbeere,Kaba,xx:kaba,kaba erdbeere,kaba,1,kaba
715391,Petit basque,Petit basque,xx:petit-basque,petit basque,petit basque,1,petit basque
1706496,Perrier Water Lemon,Perrier,xx:perrier,perrier water lemon,perrier,1,perrier
4495460,Apple frooze balls,Frooze balls,frooze-balls,apple frooze balls,frooze balls,1,frooze balls
1732077,Luigi & fratelli bolognaise 180gx6,"Luigi & Fratelli, Luigi et fratelli","xx:luigi-fratelli,xx:luigi-et-fratelli",luigi & fratelli bolognaise 180gx6,"luigi & fratelli, luigi et fratelli",1,luigi & fratelli
1161828,"Pier coffee, cold brewed coffee",Pier Coffee,pier-coffee,"pier coffee, cold brewed coffee",pier coffee,1,pier coffee
2368439,DENITROL JBL 100ML,JBL,xx:jbl,denitrol jbl 100ml,jbl,1,jbl
508118,"Racconto, vodka pasta sauce",Racconto,racconto,"racconto, vodka pasta sauce",racconto,1,racconto
1360892,"Sheetz, Fryz, For MTO Subz, Whole",Sheetz,sheetz,"sheetz, fryz, for mto subz, whole",sheetz,1,sheetz
2717872,Doritos Stir-fried Garlic Shrimp Flavor,Doritos,xx:doritos,doritos stir-fried garlic shrimp flavor,doritos,1,doritos
2767781,Borjomi flavored water с ароматами вишни и граната,Borjomi,xx:borjomi,borjomi flavored water с ароматами вишни и граната,borjomi,1,borjomi
493287,"Simply balanced, organic whole grain animal cookies","Simply Balanced,  Target Stores","simply-balanced,target-stores","simply balanced, organic whole grain animal cookies","simply balanced, target stores",1,simply balanced
2677239,Yoplait Cajeta con Nuez,Yoplait,xx:yoplait,yoplait cajeta con nuez,yoplait,1,yoplait
2313949,HARIBO  COLOR-RADO,Haribo,xx:haribo,haribo color-rado,haribo,1,haribo
1398674,Oat Bran - Kazidomi,Kazidomi,xx:kazidomi,oat bran - kazidomi,kazidomi,1,kazidomi
1186335,+1 Whey Protein,+1,xx:1,+1 whey protein,+1,2,+1
2880668,innocent smoothie kiwi pomme & ananas 750ml,Innocent,xx:innocent,innocent smoothie kiwi pomme & ananas 750ml,innocent,1,innocent
3666547,TRE MARIE - Ancora uno - Gianduia nero,Tre Marie,xx:tre-marie,tre marie - ancora uno - gianduia nero,tre marie,1,tre marie
3493146,Maggi Curry Wurst Soße,"Maggi, Nestlé Maggi","xx:maggi,xx:nestle-maggi",maggi curry wurst soße,"maggi, nestle maggi",1,maggi
3489180,Nestle NAN SUPREME PRO 3,Nestle Nan,nestle-nan,nestle nan supreme pro 3,nestle nan,1,nestle nan
179481,"Kellogg's, mini wheats, lightly sweetened whole grain cereal, little bites, chocolate",Kellogg's,kellogg-s,"kellogg's, mini wheats, lightly sweetened whole grain cereal, little bites, chocolate",kellogg's,1,kellogg's
58603,Mountain Dew Froth Cherry-Lemon,Mountain Dew,xx:mountain-dew,mountain dew froth cherry-lemon,mountain dew,1,mountain dew
564003,Joggy Energy,Joggy,xx:joggy,joggy energy,joggy,1,joggy
1738022,"Papa John's, Ultimate Pepperoni On Pan Crust, 1 Slice",Papa John's,papa-john-s,"papa john's, ultimate pepperoni on pan crust, 1 slice",papa john's,1,papa john's
3617308,espirulina - health labs,health labs,xx:health-labs,espirulina - health labs,health labs,1,health labs
4447994,San Remo Penne Wholemeal,San Remo,xx:san-remo,san remo penne wholemeal,san remo,1,san remo
1668087,Cousteron,"Bel, Cousteron","xx:bel,xx:cousteron",cousteron,"bel, cousteron",1,cousteron
3324479,"Wawa, Roasted Veggie Hoagie, Classic, 10 In",Wawa,wawa,"wawa, roasted veggie hoagie, classic, 10 in",wawa,1,wawa
3129167,Powerade Midfield,Powerade,xx:powerade,powerade midfield,powerade,1,powerade
1115019,"Savannah bee company, raw honey, lavender",Savannah Bee Company,savannah-bee-company,"savannah bee company, raw honey, lavender",savannah bee company,1,savannah bee company
2300194,"Whataburger, Jalapeno Cheddar Biscuit & Gravy",Whataburger,whataburger,"whataburger, jalapeno cheddar biscuit & gravy",whataburger,1,whataburger
2632054,EDEKA GUT&GÜNSTIG Salzstangen,"EDEKA GUT&GÜNSTIG, Edeka Gut&Günstig","xx:edeka-gut-gunstig,xx:edeka-gut-gunstig",edeka gut&gunstig salzstangen,"edeka gut&gunstig, edeka gut&gunstig",1,edeka gut&gunstig
3661391,Riso della Sardegna per Insalate,Riso della Sardegna,xx:riso-della-sardegna,riso della sardegna per insalate,riso della sardegna,1,riso della sardegna
3582029,Mantequilla (Soprole),Soprole,xx:soprole,mantequilla (soprole),soprole,1,soprole
2748692,Highlands Gold Corned Beef 150g,Highlands,xx:highlands,highlands gold corned beef 150g,highlands,1,highlands
342677,Special K Original,Special K,xx:special-k,special k original,special k,1,special k
3023447,Delhaize Tomatoes,Delhaize,xx:delhaize,delhaize tomatoes,delhaize,1,delhaize
1656486,2× Cookies moelleux aux pépites de chocolat Milka,Milka,xx:milka,2× cookies moelleux aux pepites de chocolat milka,milka,1,milka
1908587,Tendriade le veau,Tendriade,xx:tendriade,tendriade le veau,tendriade,1,tendriade
3748283,Benessere Mozzarella Bio,"Benessere, Caseificio Villa","xx:benessere,xx:caseificio-villa",benessere mozzarella bio,"benessere, caseificio villa",1,benessere
2968205,Choco nussa to go,Choco Nussa,xx:choco-nussa,choco nussa to go,choco nussa,1,choco nussa
1833111,Maroilles sorbais fauquet,"Fauquet, Savencia","xx:fauquet,xx:savencia",maroilles sorbais fauquet,"fauquet, savencia",1,fauquet
448551,"Palmer's, cordial cherry drizzled corn","Palmer,  Palmer Candy Company","palmer,palmer-candy-company","palmer's, cordial cherry drizzled corn","palmer, palmer candy company",1,palmer
1198722,Best Whey Bar Brownie Chocolate 32g - Atlhetica,Atlhetica,xx:atlhetica,best whey bar brownie chocolate 32g - atlhetica,atlhetica,1,atlhetica
3014882,Carrefour Classic' Safran,Carrefour,xx:carrefour,carrefour classic' safran,carrefour,1,carrefour
2051282,Boutique 192 uc vendome oeufs 4 refs,Vendome,xx:vendome,boutique 192 uc vendome oeufs 4 refs,vendome,1,vendome
2464173,Rockstar Sour Raspberry,Rockstar,xx:rockstar,rockstar sour raspberry,rockstar,1,rockstar
4269909,Arizona strawberry lemon,AriZona,xx:arizona,arizona strawberry lemon,arizona,1,arizona
3234277,Shibobo Chocolate,Shibobo,xx:shibobo,shibobo chocolate,shibobo,1,shibobo
451766,"Litehouse, family favorites, ranch dressing & dip, buttermilk, buttermilk","Litehouse,  Litehouse Inc.","xx:litehouse,xx:litehouse-inc","litehouse, family favorites, ranch dressing & dip, buttermilk, buttermilk","litehouse, litehouse inc.",1,litehouse
2847651,tayto prawn 6pk,Tayto,xx:tayto,tayto prawn 6pk,tayto,1,tayto
2355253,wrigleys Bonbons,Wrigley's,xx:wrigley-s,wrigleys bonbons,wrigley's,2,wrigley's
3919608,"Lay's, Al Punto de Sal",Lay's,xx:lay-s,"lay's, al punto de sal",lay's,1,lay's
3723218,Tortino di patate soavegel,Soavegel,xx:soavegel,tortino di patate soavegel,soavegel,1,soavegel
1669229,maredsous double creme,Maredsous,xx:maredsous,maredsous double creme,maredsous,1,maredsous
2674664,"Casey's General Store, Diet Dr Pepper",Casey's General Store,casey-s-general-store,"casey's general store, diet dr pepper",casey's general store,1,casey's general store
4305375,Stimorol Cinnamon sugar free,Stimorol,xx:stimorol,stimorol cinnamon sugar free,stimorol,1,stimorol
3070942,Croky Explosions pickels,Croky,xx:croky,croky explosions pickels,croky,1,croky
2530,felko,Felko,xx:felko,felko,felko,1,felko
1493620,"Starbucks, Jade Citrus Mint Green Tea, Short",Starbucks,starbucks,"starbucks, jade citrus mint green tea, short",starbucks,1,starbucks
1657472,BLEDINA LES RECOLTES BIO Pâtes Etoiles Façon Bolognaise 2x200g Dès 15 Mois,"Blédina, Les recoltes bio","xx:bledina,xx:les-recoltes-bio",bledina les recoltes bio pates etoiles facon bolognaise 2x200g des 15 mois,"bledina, les recoltes bio",1,bledina
750427,Kikapu Carne seca,Kikapu,xx:kikapu,kikapu carne seca,kikapu,1,kikapu
1971935,Chips Pizza 125G Bret's,Bret's,xx:bret-s,chips pizza 125g bret's,bret's,1,bret's
2667,Madeleines Bijou,Bijou,xx:bijou,madeleines bijou,bijou,1,bijou
2830111,Warburtons Brown Toastie Pockets 4 Pack,Warburtons,warburtons,warburtons brown toastie pockets 4 pack,warburtons,1,warburtons
3863304,Marmellata SISA,Sisa,xx:sisa,marmellata sisa,sisa,1,sisa
985280,"Sunsweet, pitted prunes",Sunsweet,sunsweet,"sunsweet, pitted prunes",sunsweet,1,sunsweet
301033,Ahmad Tea,Ahmad tea,xx:ahmad-tea,ahmad tea,ahmad tea,1,ahmad tea
1801530,"Riz à pôeler basmati safran petits pois SAINT JEAN, 300G",Saint Jean,xx:saint-jean,"riz a poeler basmati safran petits pois saint jean, 300g",saint jean,1,saint jean
293675,"Mccormick, bag,n season, beef stew cooking bag & seasoning mix",Mccormick,mccormick,"mccormick, bag,n season, beef stew cooking bag & seasoning mix",mccormick,1,mccormick
495509,"Simply balanced, organic mild cheddar shredded cheese","Simply Balanced,  Target Stores","simply-balanced,target-stores","simply balanced, organic mild cheddar shredded cheese","simply balanced, target stores",1,simply balanced
464843,"Wal-mart stores, harvest cookies","Wal-Mart Stores,  Wal-Mart Stores  Inc.","wal-mart-stores,wal-mart-stores-inc","wal-mart stores, harvest cookies","wal-mart stores, wal-mart stores inc.",1,wal-mart stores
4268304,Jumbo's Fruity Citrus Wave Sap 250 ml,Jumbo's,xx:jumbo-s,jumbo's fruity citrus wave sap 250 ml,jumbo's,1,jumbo's
3389918,Malaco - Gott og blandat - Favorit mix,Malaco,malaco,malaco - gott og blandat - favorit mix,malaco,1,malaco
3915621,Fragata STONELESS MANZANILLA OLIVES filled with GA,Fragata,xx:fragata,fragata stoneless manzanilla olives filled with ga,fragata,1,fragata
4237639,Amora Moutarde Extra Forte,Amora,xx:amora,amora moutarde extra forte,amora,1,amora
4277854,AH Kippenvleugels,AH,xx:albert-heijn,ah kippenvleugels,ah,1,ah
1967417,Spray Buccal Propolis - 30 ML - Ladrôme,Ladrôme,xx:ladrome,spray buccal propolis - 30 ml - ladrome,ladrome,1,ladrome
4297790,Original PG Tips 160 tea bags,PG Tips,xx:pg-tips,original pg tips 160 tea bags,pg tips,1,pg tips
3593624,Molho Pesto Vermelho Hemmer Vidro 200g,HEMMER,xx:hemmer,molho pesto vermelho hemmer vidro 200g,hemmer,1,hemmer
6911,McCormick Bac’n Pieces,Mccormick,mccormick,mccormick bac'n pieces,mccormick,1,mccormick
